,bench,base,network,search,rank,network_actions,search_actions,search_speedup,network_speedup,final_performance
0,21304,17.934109538082634,16.98903529202092,21.45072929239204,0.0,"['swap_down', 'swap_down', 'up', 'up', 'swap_down', 'swap_up', 'swap_down', 'swap_up', 'swap_down', 'swap_up', 'swap_down', 'swap_up', 'swap_down', 'swap_up', 'swap_down', 'swap_up', 'swap_down', 'swap_up', 'swap_down', 'swap_up']","['swap_down', 'swap_down', 'swap_down', 'up', 'up', 'up', 'down', 'up', 'down', 'up', 'down', 'up', 'down', 'up', 'down', 'up', 'down', 'up', 'down', 'up']",1.1960855512141237,0.9473029734732649,0.7920026895330987
1,13420,17.368509538736756,32.871751465563186,33.225631154099034,0.0,"['swap_down', 'swap_down', 'up', 'up', 'swap_down', 'swap_up', 'swap_down', 'swap_up', 'swap_down', 'swap_up', 'swap_down', 'swap_up', 'swap_down', 'swap_up', 'swap_down', 'swap_up', 'swap_down', 'swap_up', 'swap_down', 'swap_up']","['swap_down', 'swap_down', 'up', 'swap_up', 'down', 'up', 'down', 'up', 'down', 'up', 'down', 'up', 'down', 'up', 'down', 'up', 'down', 'up', 'down', 'up']",1.9129811386519004,1.8926063512962787,0.989349195899558
2,10324,18.735360989141068,18.752281272773608,25.10476920130243,0.0,"['down', 'up', 'down', 'up', 'down', 'up', 'down', 'up', 'down', 'up', 'down', 'up', 'down', 'up', 'down', 'up', 'down', 'up', 'down', 'up']","['swap_down', 'swap_down', 'swap_down', 'up', 'up', 'up', 'down', 'up', 'down', 'up', 'down', 'up', 'down', 'up', 'down', 'up', 'down', 'up', 'down', 'up']",1.339967199770159,1.0009031202357055,0.7469609109890061
3,42310,7.020672154691323,18.248560974230237,7.565619870488285,0.0,"['swap_down', 'swap_down', 'swap_down', 'swap_down', 'up', 'up', 'up', 'up', 'down', 'up', 'down', 'up', 'down', 'up', 'down', 'up', 'down', 'up', 'down', 'up']","['swap_down', 'up', 'down', 'up', 'down', 'up', 'down', 'up', 'down', 'up', 'down', 'up', 'down', 'up', 'down', 'up', 'down', 'up', 'down', 'up']",1.0776204476992732,2.599261234842915,2.4120377823122743
4,24103,17.863152784047838,18.510543271989057,22.9822358111144,0.0,"['swap_down', 'swap_down', 'up', 'up', 'swap_down', 'swap_up', 'swap_down', 'swap_up', 'swap_down', 'swap_up', 'swap_down', 'swap_up', 'swap_down', 'swap_up', 'swap_down', 'swap_up', 'swap_down', 'swap_up', 'swap_down', 'swap_up']","['swap_down', 'up', 'swap_down', 'up', 'swap_down', 'up', 'swap_down', 'up', 'swap_down', 'up', 'swap_down', 'up', 'swap_down', 'up', 'swap_down', 'up', 'swap_down', 'up', 'swap_down', 'up']",1.2865722019484718,1.0362416699766097,0.8054283066331259
5,21403,16.590736125944385,18.47393619598395,21.560997676474823,0.0,"['down', 'swap_up', 'down', 'swap_up', 'down', 'swap_up', 'down', 'swap_up', 'down', 'swap_up', 'down', 'swap_up', 'down', 'swap_up', 'down', 'swap_up', 'down', 'swap_up', 'down', 'swap_up']","['down', 'up', 'down', 'up', 'down', 'up', 'down', 'up', 'down', 'up', 'down', 'up', 'down', 'up', 'down', 'up', 'down', 'up', 'down', 'up']",1.2995805317377092,1.1135091327921633,0.856821955699241
6,34012,17.30730411028996,18.16486648015175,16.693348616550452,0.0,"['swap_down', 'swap_down', 'up', 'up', 'swap_down', 'swap_up', 'swap_down', 'swap_up', 'swap_down', 'swap_up', 'swap_down', 'swap_up', 'swap_down', 'swap_up', 'swap_down', 'swap_up', 'swap_down', 'swap_up', 'swap_down', 'swap_up']","['swap_down', 'swap_down', 'up', 'up', 'down', 'up', 'down', 'up', 'down', 'up', 'down', 'up', 'down', 'up', 'down', 'up', 'down', 'up', 'down', 'up']",0.9645262202693669,1.0495491593836346,1.0881499510614892
7,41023,7.613534918252099,16.39366970361424,6.595045740575932,0.0,"['swap_down', 'swap_down', 'swap_down', 'swap_down', 'up', 'up', 'up', 'up', 'down', 'up', 'down', 'up', 'down', 'up', 'down', 'up', 'down', 'up', 'down', 'up']","['down', 'up', 'down', 'up', 'down', 'up', 'down', 'up', 'down', 'up', 'down', 'up', 'down', 'up', 'down', 'up', 'down', 'up', 'down', 'up']",0.866226504690414,2.153227098796556,2.4857552697098675
8,10432,2.969185430383878,13.10781442880135,17.6542806633555,0.0,"['swap_down', 'swap_down', 'swap_down', 'up', 'up', 'up', 'swap_down', 'up', 'swap_down', 'up', 'swap_down', 'up', 'swap_down', 'up', 'swap_down', 'up', 'swap_down', 'up', 'swap_down', 'up']","['swap_down', 'swap_down', 'swap_down', 'up', 'up', 'up', 'down', 'up', 'down', 'up', 'down', 'up', 'down', 'up', 'down', 'up', 'down', 'up', 'down', 'up']",5.945832982574291,4.414616310139538,0.7424723033892213
9,01432,2.805327461790718,13.437596914126074,2.9831550018634476,0.0,"['swap_down', 'down', 'swap_down', 'swap_down', 'up', 'up', 'up', 'up', 'down', 'up', 'down', 'up', 'down', 'up', 'down', 'up', 'down', 'up', 'down', 'up']","['swap_down', 'up', 'swap_down', 'up', 'swap_down', 'up', 'swap_down', 'up', 'swap_down', 'up', 'swap_down', 'up', 'swap_down', 'up', 'swap_down', 'up', 'swap_down', 'up', 'swap_down', 'up']",1.0633892272808743,4.7900279368984915,4.504491689413453
10,42130,5.285600869023885,19.60229938776464,7.558067120286011,0.0,"['swap_down', 'swap_down', 'swap_down', 'swap_down', 'up', 'up', 'up', 'up', 'swap_down', 'up', 'down', 'up', 'down', 'up', 'down', 'up', 'down', 'up', 'down', 'up']","['down', 'swap_down', 'up', 'up', 'down', 'up', 'down', 'up', 'down', 'up', 'down', 'up', 'down', 'up', 'down', 'up', 'down', 'up', 'down', 'up']",1.4299352727482413,3.7086227041173996,2.5935598448380612
11,01234,17.125829382918692,26.218496640100017,17.105435088477712,0.0,"['swap_down', 'swap_down', 'up', 'up', 'swap_down', 'swap_up', 'swap_down', 'swap_up', 'swap_down', 'swap_up', 'swap_down', 'swap_up', 'swap_down', 'swap_up', 'swap_down', 'swap_up', 'swap_down', 'swap_up', 'swap_down', 'swap_up']","['swap_down', 'up', 'swap_down', 'up', 'swap_down', 'up', 'swap_down', 'up', 'swap_down', 'up', 'swap_down', 'up', 'swap_down', 'up', 'swap_down', 'up', 'swap_down', 'up', 'swap_down', 'up']",0.9988091499696172,1.5309329582747306,1.532758243475543
12,30124,24.216535796766742,21.5508056560342,23.43435336711718,0.0,"['down', 'up', 'down', 'up', 'down', 'up', 'down', 'up', 'down', 'up', 'down', 'up', 'down', 'up', 'down', 'up', 'down', 'up', 'down', 'up']","['down', 'up', 'down', 'up', 'down', 'up', 'down', 'up', 'down', 'up', 'down', 'up', 'down', 'up', 'down', 'up', 'down', 'up', 'down', 'up']",0.9677004821740856,0.8899210785925683,0.9196245067412037
13,02413,18.54122847733351,20.27899240922497,21.170202349045795,0.0,"['swap_down', 'swap_up', 'swap_down', 'swap_up', 'swap_down', 'swap_up', 'swap_down', 'swap_up', 'swap_down', 'swap_up', 'swap_down', 'swap_up', 'swap_down', 'swap_up', 'swap_down', 'swap_up', 'swap_down', 'swap_up', 'swap_down', 'swap_up']","['down', 'up', 'down', 'up', 'down', 'up', 'down', 'up', 'down', 'up', 'down', 'up', 'down', 'up', 'down', 'up', 'down', 'up', 'down', 'up']",1.141790705773686,1.0937243146545472,0.9579026253444859
14,13024,16.199477822923267,16.63950743645589,19.729823554591768,0.0,"['swap_down', 'swap_down', 'up', 'swap_up', 'down', 'swap_up', 'down', 'swap_up', 'down', 'swap_up', 'down', 'swap_up', 'down', 'swap_up', 'down', 'swap_up', 'down', 'swap_up', 'down', 'swap_up']","['swap_down', 'swap_down', 'up', 'up', 'down', 'up', 'down', 'up', 'down', 'up', 'down', 'up', 'down', 'up', 'down', 'up', 'down', 'up', 'down', 'up']",1.2179296005870537,1.0271631973784954,0.843368284080946
15,13402,2.6392184351840084,15.59887684326013,8.10571842690115,0.0,"['swap_down', 'down', 'swap_down', 'swap_down', 'up', 'up', 'up', 'up', 'down', 'up', 'down', 'up', 'down', 'up', 'down', 'up', 'down', 'up', 'down', 'up']","['swap_down', 'swap_down', 'swap_down', 'swap_down', 'up', 'up', 'up', 'up', 'down', 'up', 'down', 'up', 'down', 'up', 'down', 'up', 'down', 'up', 'down', 'up']",3.0712571262923953,5.910415233278167,1.9244286590921769
16,40132,5.947292150540378,16.132807151154296,7.653546123232504,0.0,"['swap_down', 'swap_down', 'swap_down', 'swap_down', 'up', 'up', 'up', 'up', 'down', 'up', 'down', 'up', 'down', 'up', 'down', 'up', 'down', 'up', 'down', 'up']","['down', 'up', 'down', 'up', 'down', 'up', 'down', 'up', 'down', 'up', 'down', 'up', 'down', 'up', 'down', 'up', 'down', 'up', 'down', 'up']",1.2868959401190831,2.7126306801135454,2.107886578508074
17,24301,7.564405504987565,18.926254326235373,8.109620824399025,0.0,"['down', 'swap_down', 'swap_down', 'swap_down', 'up', 'up', 'swap_up', 'swap_down', 'swap_up', 'swap_down', 'swap_up', 'swap_down', 'swap_up', 'swap_down', 'swap_up', 'swap_down', 'swap_up', 'swap_down', 'swap_up', 'swap_down']","['down', 'up', 'down', 'up', 'down', 'up', 'down', 'up', 'down', 'up', 'down', 'up', 'down', 'up', 'down', 'up', 'down', 'up', 'down', 'up']",1.072076426766383,2.5020147735015543,2.3338026198824076
18,32014,19.303681885125183,19.344368447996754,19.310880805160245,0.0,"['down', 'up', 'down', 'up', 'down', 'up', 'down', 'up', 'down', 'up', 'down', 'up', 'down', 'up', 'down', 'up', 'down', 'up', 'down', 'up']","['swap_down', 'up', 'down', 'up', 'down', 'up', 'down', 'up', 'down', 'up', 'down', 'up', 'down', 'up', 'down', 'up', 'down', 'up', 'down', 'up']",1.000372929893784,1.0021077099754179,1.0017341333714598
19,02431,15.119349129276566,17.551665697224326,19.28105362355483,0.0,"['swap_down', 'swap_down', 'up', 'up', 'swap_down', 'swap_up', 'swap_down', 'swap_up', 'swap_down', 'swap_up', 'swap_down', 'swap_up', 'swap_down', 'swap_up', 'swap_down', 'swap_up', 'swap_down', 'swap_up', 'swap_down', 'swap_up']","['swap_down', 'swap_down', 'up', 'up', 'down', 'up', 'down', 'up', 'down', 'up', 'down', 'up', 'down', 'up', 'down', 'up', 'down', 'up', 'down', 'up']",1.2752568552187002,1.1608744230423194,0.9103063577284083
20,34210,20.28703542476832,14.75900994419148,16.519836940467513,0.0,"['down', 'up', 'down', 'up', 'down', 'up', 'down', 'up', 'down', 'up', 'down', 'up', 'down', 'up', 'down', 'up', 'down', 'up', 'down', 'up']","['swap_down', 'up', 'down', 'up', 'down', 'up', 'down', 'up', 'down', 'up', 'down', 'up', 'down', 'up', 'down', 'up', 'down', 'up', 'down', 'up']",0.8143051261348193,0.7275094480375527,0.8934113573504677
21,14302,16.159596232012483,17.044265552679377,19.671711652557278,0.0,"['swap_down', 'swap_down', 'up', 'up', 'swap_down', 'swap_up', 'swap_down', 'swap_up', 'swap_down', 'swap_up', 'swap_down', 'swap_up', 'swap_down', 'swap_up', 'swap_down', 'swap_up', 'swap_down', 'swap_up', 'swap_down', 'swap_up']","['swap_down', 'swap_down', 'up', 'swap_up', 'down', 'up', 'down', 'up', 'down', 'up', 'down', 'up', 'down', 'up', 'down', 'up', 'down', 'up', 'down', 'up']",1.2173393053959618,1.0547457565130463,0.8664353084122022
22,21034,18.472227605038317,18.480366584420164,19.658434844557767,0.0,"['down', 'swap_up', 'down', 'swap_up', 'down', 'swap_up', 'down', 'swap_up', 'down', 'swap_up', 'down', 'swap_up', 'down', 'swap_up', 'down', 'swap_up', 'down', 'swap_up', 'down', 'swap_up']","['down', 'up', 'down', 'up', 'down', 'up', 'down', 'up', 'down', 'up', 'down', 'up', 'down', 'up', 'down', 'up', 'down', 'up', 'down', 'up']",1.0642157115472046,1.0004406062742335,0.9400731406415227
23,30412,2.35407715807038,17.074239469816938,2.7908442457148936,0.0,"['swap_down', 'down', 'swap_down', 'swap_down', 'up', 'up', 'up', 'up', 'down', 'up', 'down', 'up', 'down', 'up', 'down', 'up', 'down', 'up', 'down', 'up']","['swap_down', 'up', 'swap_down', 'up', 'swap_down', 'up', 'swap_down', 'up', 'swap_down', 'up', 'swap_down', 'up', 'swap_down', 'up', 'swap_down', 'up', 'swap_down', 'up', 'swap_down', 'up']",1.1855364367081869,7.253050058823292,6.11794782028162
24,34021,6.996476993701292,14.645120741909803,7.8161238264551205,0.0,"['down', 'swap_down', 'swap_down', 'swap_down', 'up', 'up', 'swap_up', 'swap_down', 'swap_up', 'swap_down', 'swap_up', 'swap_down', 'swap_up', 'swap_down', 'swap_up', 'swap_down', 'swap_up', 'swap_down', 'swap_up', 'swap_down']","['swap_down', 'up', 'down', 'up', 'down', 'up', 'down', 'up', 'down', 'up', 'down', 'up', 'down', 'up', 'down', 'up', 'down', 'up', 'down', 'up']",1.1171513653931444,2.0932135923686084,1.87370633668068
25,20413,12.712053754087778,17.04925389515103,26.28602943019729,0.0,"['swap_down', 'swap_down', 'up', 'up', 'swap_down', 'swap_up', 'swap_down', 'swap_up', 'swap_down', 'swap_up', 'swap_down', 'swap_up', 'swap_down', 'swap_up', 'swap_down', 'swap_up', 'swap_down', 'swap_up', 'swap_down', 'swap_up']","['swap_down', 'swap_down', 'up', 'swap_up', 'down', 'up', 'down', 'up', 'down', 'up', 'down', 'up', 'down', 'up', 'down', 'up', 'down', 'up', 'down', 'up']",2.067803514577223,1.3411879956587307,0.6486051436724374
26,32041,18.88441450851853,18.58328865810379,32.62348814236935,0.0,"['swap_down', 'swap_down', 'up', 'up', 'swap_down', 'swap_up', 'swap_down', 'swap_up', 'swap_down', 'swap_up', 'swap_down', 'swap_up', 'swap_down', 'swap_up', 'swap_down', 'swap_up', 'swap_down', 'swap_up', 'swap_down', 'swap_up']","['swap_down', 'swap_down', 'swap_down', 'up', 'up', 'swap_up', 'down', 'up', 'down', 'up', 'down', 'up', 'down', 'up', 'down', 'up', 'down', 'up', 'down', 'up']",1.7275350595409396,0.9840542660044393,0.5696291143671107
27,32410,19.17755556470013,30.193312457258035,25.78856629898796,0.0,"['swap_down', 'swap_down', 'up', 'up', 'swap_down', 'swap_up', 'swap_down', 'swap_up', 'swap_down', 'swap_up', 'swap_down', 'swap_up', 'swap_down', 'swap_up', 'swap_down', 'swap_up', 'swap_down', 'swap_up', 'swap_down', 'swap_up']","['swap_down', 'up', 'swap_down', 'up', 'swap_down', 'up', 'swap_down', 'up', 'swap_down', 'up', 'swap_down', 'up', 'swap_down', 'up', 'swap_down', 'up', 'swap_down', 'up', 'swap_down', 'up']",1.3447264544213668,1.5744088111435048,1.1708022891696361
28,40321,19.956056086060794,17.470079346897975,26.439799288938197,0.0,"['down', 'up', 'down', 'up', 'down', 'up', 'down', 'up', 'down', 'up', 'down', 'up', 'down', 'up', 'down', 'up', 'down', 'up', 'down', 'up']","['swap_down', 'swap_down', 'up', 'up', 'down', 'up', 'down', 'up', 'down', 'up', 'down', 'up', 'down', 'up', 'down', 'up', 'down', 'up', 'down', 'up']",1.3249010312917624,0.8754274527771416,0.6607493179498929
29,03241,18.545491526023266,21.52382125336125,17.56018974013305,0.0,"['swap_down', 'swap_down', 'up', 'up', 'swap_down', 'swap_up', 'swap_down', 'swap_up', 'swap_down', 'swap_up', 'swap_down', 'swap_up', 'swap_down', 'swap_up', 'swap_down', 'swap_up', 'swap_down', 'swap_up', 'swap_down', 'swap_up']","['swap_down', 'up', 'swap_down', 'up', 'swap_down', 'up', 'swap_down', 'up', 'swap_down', 'up', 'swap_down', 'up', 'swap_down', 'up', 'swap_down', 'up', 'swap_down', 'up', 'swap_down', 'up']",0.9468710880750921,1.1605958905515528,1.2257168955395448
30,14320,16.853461057825605,14.916740462549036,20.185011044645393,0.0,"['down', 'up', 'down', 'up', 'down', 'up', 'down', 'up', 'down', 'up', 'down', 'up', 'down', 'up', 'down', 'up', 'down', 'up', 'down', 'up']","['swap_down', 'swap_down', 'up', 'swap_up', 'down', 'up', 'down', 'up', 'down', 'up', 'down', 'up', 'down', 'up', 'down', 'up', 'down', 'up', 'down', 'up']",1.1976774963545451,0.8850846963343896,0.739000857099164
31,34201,0.7039053847879853,0.7581899914605867,0.7558813543316395,0.0,"['down', 'up', 'down', 'up', 'down', 'up', 'down', 'up', 'down', 'up', 'down', 'up', 'down', 'up', 'down', 'up', 'down', 'up', 'down', 'up']","['down', 'up', 'down', 'up', 'down', 'up', 'down', 'up', 'down', 'up', 'down', 'up', 'down', 'up', 'down', 'up', 'down', 'up', 'down', 'up']",1.0738394259610746,1.0771191808526255,1.003054232143335
32,12340,20.72724936621911,17.321956900610395,33.70380727383765,0.0,"['swap_down', 'swap_down', 'up', 'up', 'swap_down', 'swap_up', 'swap_down', 'swap_up', 'swap_down', 'swap_up', 'swap_down', 'swap_up', 'swap_down', 'swap_up', 'swap_down', 'swap_up', 'swap_down', 'swap_up', 'swap_down', 'swap_up']","['swap_down', 'swap_down', 'swap_down', 'up', 'up', 'up', 'down', 'up', 'down', 'up', 'down', 'up', 'down', 'up', 'down', 'up', 'down', 'up', 'down', 'up']",1.6260627099304115,0.8357093888608974,0.5139465924390224
33,30214,25.680565249868362,33.39520366890665,29.904844747067845,0.0,"['swap_down', 'swap_down', 'up', 'up', 'swap_down', 'swap_up', 'swap_down', 'swap_up', 'swap_down', 'swap_up', 'swap_down', 'swap_up', 'swap_down', 'swap_up', 'swap_down', 'swap_up', 'swap_down', 'swap_up', 'swap_down', 'swap_up']","['swap_down', 'swap_down', 'swap_down', 'up', 'up', 'up', 'down', 'up', 'down', 'up', 'down', 'up', 'down', 'up', 'down', 'up', 'down', 'up', 'down', 'up']",1.1644932444476135,1.3004076562947864,1.1167155004936462
34,13042,25.84051997658873,33.41755370004462,33.51019853792993,0.0,"['swap_down', 'swap_down', 'up', 'up', 'swap_down', 'swap_up', 'swap_down', 'swap_up', 'swap_down', 'swap_up', 'swap_down', 'swap_up', 'swap_down', 'swap_up', 'swap_down', 'swap_up', 'swap_down', 'swap_up', 'swap_down', 'swap_up']","['swap_down', 'swap_down', 'swap_down', 'up', 'up', 'up', 'down', 'up', 'down', 'up', 'down', 'up', 'down', 'up', 'down', 'up', 'down', 'up', 'down', 'up']",1.2968082131586307,1.2932229587609154,0.9972353241124357
35,02143,4.333988447668351,28.279320644295666,4.792203236844961,0.0,"['swap_down', 'swap_down', 'swap_down', 'up', 'swap_down', 'swap_down', 'swap_up', 'swap_down', 'swap_up', 'swap_down', 'swap_up', 'swap_down', 'swap_up', 'swap_down', 'swap_up', 'swap_down', 'swap_up', 'swap_down', 'swap_up', 'swap_down']","['swap_down', 'up', 'down', 'up', 'down', 'up', 'down', 'up', 'down', 'up', 'down', 'up', 'down', 'up', 'down', 'up', 'down', 'up', 'down', 'up']",1.105725890760767,6.525010619146828,5.901110459353952
36,20314,30.720975030945805,27.375640448264836,33.192763647299024,0.0,"['down', 'swap_up', 'down', 'swap_up', 'down', 'swap_up', 'down', 'swap_up', 'down', 'swap_up', 'down', 'swap_up', 'down', 'swap_up', 'down', 'swap_up', 'down', 'swap_up', 'down', 'swap_up']","['down', 'up', 'down', 'up', 'down', 'up', 'down', 'up', 'down', 'up', 'down', 'up', 'down', 'up', 'down', 'up', 'down', 'up', 'down', 'up']",1.0804593153004858,0.8911058461096644,0.8247472472962479
37,41302,6.950137948747691,32.482509196515004,7.840436071616837,0.0,"['swap_down', 'swap_down', 'swap_down', 'swap_down', 'up', 'up', 'up', 'up', 'down', 'up', 'down', 'up', 'down', 'up', 'down', 'up', 'down', 'up', 'down', 'up']","['down', 'up', 'down', 'up', 'down', 'up', 'down', 'up', 'down', 'up', 'down', 'up', 'down', 'up', 'down', 'up', 'down', 'up', 'down', 'up']",1.128097906751558,4.673649564375604,4.142946757018393
38,40231,20.70289987413312,33.37314905433684,31.292836146052494,0.0,"['swap_down', 'swap_down', 'up', 'up', 'swap_down', 'swap_up', 'swap_down', 'swap_up', 'swap_down', 'swap_up', 'swap_down', 'swap_up', 'swap_down', 'swap_up', 'swap_down', 'swap_up', 'swap_down', 'swap_up', 'swap_down', 'swap_up']","['swap_down', 'swap_down', 'up', 'up', 'down', 'up', 'down', 'up', 'down', 'up', 'down', 'up', 'down', 'up', 'down', 'up', 'down', 'up', 'down', 'up']",1.5115194652103199,1.6120035964640078,1.0664788866875134
39,41320,7.577073156632078,7.611186217383968,8.089319362235994,0.0,"['swap_down', 'up', 'down', 'up', 'down', 'up', 'down', 'up', 'down', 'up', 'down', 'up', 'down', 'up', 'down', 'up', 'down', 'up', 'down', 'up']","['swap_down', 'up', 'down', 'up', 'down', 'up', 'down', 'up', 'down', 'up', 'down', 'up', 'down', 'up', 'down', 'up', 'down', 'up', 'down', 'up']",1.0676047591220041,1.004502142192204,0.9408932787245201
40,20431,32.923357091274454,23.8181456810735,29.052663660481127,0.0,"['down', 'swap_up', 'down', 'swap_up', 'down', 'swap_up', 'down', 'swap_up', 'down', 'swap_up', 'down', 'swap_up', 'down', 'swap_up', 'down', 'swap_up', 'down', 'swap_up', 'down', 'swap_up']","['down', 'up', 'down', 'up', 'down', 'up', 'down', 'up', 'down', 'up', 'down', 'up', 'down', 'up', 'down', 'up', 'down', 'up', 'down', 'up']",0.8824332093454965,0.723442193790922,0.8198265728547335
41,10243,4.350504514073287,27.33585338512474,13.73866331250082,0.0,"['swap_down', 'swap_down', 'swap_down', 'up', 'swap_down', 'swap_down', 'swap_up', 'swap_down', 'swap_up', 'swap_down', 'swap_up', 'swap_down', 'swap_up', 'swap_down', 'swap_up', 'swap_down', 'swap_up', 'swap_down', 'swap_up', 'swap_down']","['swap_down', 'swap_down', 'swap_down', 'up', 'swap_up', 'up', 'down', 'up', 'down', 'up', 'down', 'up', 'down', 'up', 'down', 'up', 'down', 'up', 'down', 'up']",3.1579471456834773,6.283375479027086,1.9897025469902756
42,31402,6.626051734433698,31.884451944932227,7.246977189399516,0.0,"['down', 'down', 'swap_down', 'swap_down', 'up', 'up', 'swap_up', 'swap_up', 'down', 'swap_up', 'down', 'swap_up', 'down', 'swap_up', 'down', 'swap_up', 'down', 'swap_up', 'down', 'swap_up']","['down', 'up', 'down', 'up', 'down', 'up', 'down', 'up', 'down', 'up', 'down', 'up', 'down', 'up', 'down', 'up', 'down', 'up', 'down', 'up']",1.0937097203360253,4.811983549605844,4.399689844694291
43,21430,25.524442415944016,33.42714144537601,33.55496887950207,0.0,"['swap_down', 'swap_down', 'up', 'up', 'swap_down', 'swap_up', 'swap_down', 'swap_up', 'swap_down', 'swap_up', 'swap_down', 'swap_up', 'swap_down', 'swap_up', 'swap_down', 'swap_up', 'swap_down', 'swap_up', 'swap_down', 'swap_up']","['swap_down', 'swap_down', 'swap_down', 'up', 'up', 'up', 'down', 'up', 'down', 'up', 'down', 'up', 'down', 'up', 'down', 'up', 'down', 'up', 'down', 'up']",1.3146210339365427,1.3096129937199146,0.9961905065510537
44,24013,33.40052239281392,28.902514488109755,33.23405570302286,0.0,"['down', 'swap_up', 'down', 'swap_up', 'down', 'swap_up', 'down', 'swap_up', 'down', 'swap_up', 'down', 'swap_up', 'down', 'swap_up', 'down', 'swap_up', 'down', 'swap_up', 'down', 'swap_up']","['down', 'up', 'down', 'up', 'down', 'up', 'down', 'up', 'down', 'up', 'down', 'up', 'down', 'up', 'down', 'up', 'down', 'up', 'down', 'up']",0.9950160453230853,0.8653312109372306,0.8696655847959259
45,13240,16.90454100283334,26.676232271195065,33.05881425666409,0.0,"['swap_down', 'swap_down', 'up', 'swap_up', 'down', 'swap_up', 'down', 'swap_up', 'down', 'swap_up', 'down', 'swap_up', 'down', 'swap_up', 'down', 'swap_up', 'down', 'swap_up', 'down', 'swap_up']","['swap_down', 'swap_down', 'up', 'swap_up', 'down', 'up', 'down', 'up', 'down', 'up', 'down', 'up', 'down', 'up', 'down', 'up', 'down', 'up', 'down', 'up']",1.955617384176427,1.5780512624817147,0.806932519239331
46,31024,25.74029592444169,31.02708940539421,33.16677869066353,0.0,"['swap_down', 'swap_down', 'up', 'up', 'swap_down', 'swap_up', 'swap_down', 'swap_up', 'swap_down', 'swap_up', 'swap_down', 'swap_up', 'swap_down', 'swap_up', 'swap_down', 'swap_up', 'swap_down', 'swap_up', 'swap_down', 'swap_up']","['swap_down', 'swap_down', 'up', 'swap_up', 'down', 'up', 'down', 'up', 'down', 'up', 'down', 'up', 'down', 'up', 'down', 'up', 'down', 'up', 'down', 'up']",1.2885158270138621,1.205389770827477,0.9354869731177228
47,24031,4.521892502331398,29.287582657756737,8.10878987886029,0.0,"['down', 'swap_down', 'swap_down', 'swap_down', 'up', 'down', 'up', 'down', 'up', 'down', 'up', 'down', 'up', 'down', 'up', 'down', 'up', 'down', 'up', 'down']","['swap_down', 'swap_down', 'up', 'swap_up', 'down', 'up', 'down', 'up', 'down', 'up', 'down', 'up', 'down', 'up', 'down', 'up', 'down', 'up', 'down', 'up']",1.793229245206417,6.4768418627060775,3.611831493390871
48,43012,32.1230297924485,25.836222296140246,25.490625550767884,0.0,"['swap_down', 'up', 'down', 'up', 'down', 'up', 'down', 'up', 'down', 'up', 'down', 'up', 'down', 'up', 'down', 'up', 'down', 'up', 'down', 'up']","['swap_down', 'up', 'down', 'up', 'down', 'up', 'down', 'up', 'down', 'up', 'down', 'up', 'down', 'up', 'down', 'up', 'down', 'up', 'down', 'up']",0.7935311742219359,0.8042897093789653,1.0135577977356445
49,23401,23.313215979011844,30.748902166342877,33.4378009502854,0.0,"['swap_down', 'swap_down', 'up', 'up', 'swap_down', 'swap_up', 'swap_down', 'swap_up', 'swap_down', 'swap_up', 'swap_down', 'swap_up', 'swap_down', 'swap_up', 'swap_down', 'swap_up', 'swap_down', 'swap_up', 'swap_down', 'swap_up']","['swap_down', 'swap_down', 'swap_down', 'up', 'up', 'up', 'down', 'up', 'down', 'up', 'down', 'up', 'down', 'up', 'down', 'up', 'down', 'up', 'down', 'up']",1.4342852131764405,1.3189472526666912,0.9195850591987099
50,10342,24.344018619444782,32.953621571508265,32.99380132783739,0.0,"['swap_down', 'swap_down', 'up', 'swap_up', 'down', 'swap_up', 'down', 'swap_up', 'down', 'swap_up', 'down', 'swap_up', 'down', 'swap_up', 'down', 'swap_up', 'down', 'swap_up', 'down', 'swap_up']","['swap_down', 'swap_down', 'swap_down', 'up', 'up', 'up', 'down', 'up', 'down', 'up', 'down', 'up', 'down', 'up', 'down', 'up', 'down', 'up', 'down', 'up']",1.3553144960825652,1.3536639979886707,0.9987822028771439
51,23410,28.19017918352533,25.80538465324605,30.72165008862781,0.0,"['swap_down', 'up', 'down', 'up', 'down', 'up', 'down', 'up', 'down', 'up', 'down', 'up', 'down', 'up', 'down', 'up', 'down', 'up', 'down', 'up']","['swap_down', 'up', 'down', 'up', 'down', 'up', 'down', 'up', 'down', 'up', 'down', 'up', 'down', 'up', 'down', 'up', 'down', 'up', 'down', 'up']",1.0897997451034969,0.9154033567948024,0.839973913471477
52,12043,3.97432887130229,4.366046817617814,4.579449435908186,0.0,"['swap_down', 'swap_up', 'swap_down', 'swap_up', 'swap_down', 'swap_up', 'swap_down', 'swap_up', 'swap_down', 'swap_up', 'swap_down', 'swap_up', 'swap_down', 'swap_up', 'swap_down', 'swap_up', 'swap_down', 'swap_up', 'swap_down', 'swap_up']","['swap_down', 'swap_down', 'up', 'up', 'down', 'up', 'down', 'up', 'down', 'up', 'down', 'up', 'down', 'up', 'down', 'up', 'down', 'up', 'down', 'up']",1.1522572953072232,1.0985620362582544,0.9533999400414712
53,42301,23.85241464024931,29.2863556700671,30.15402312072238,0.0,"['swap_down', 'swap_down', 'up', 'up', 'swap_down', 'swap_up', 'swap_down', 'swap_up', 'swap_down', 'swap_up', 'swap_down', 'swap_up', 'swap_down', 'swap_up', 'swap_down', 'swap_up', 'swap_down', 'swap_up', 'swap_down', 'swap_up']","['swap_down', 'swap_down', 'swap_down', 'up', 'up', 'up', 'down', 'up', 'down', 'up', 'down', 'up', 'down', 'up', 'down', 'up', 'down', 'up', 'down', 'up']",1.264191637430264,1.2278151336782643,0.971225483008302
54,43102,19.735672206433158,28.53403903587246,33.514214942069515,0.0,"['swap_down', 'swap_down', 'up', 'up', 'swap_down', 'swap_up', 'swap_down', 'swap_up', 'swap_down', 'swap_up', 'swap_down', 'swap_up', 'swap_down', 'swap_up', 'swap_down', 'swap_up', 'swap_down', 'swap_up', 'swap_down', 'swap_up']","['swap_down', 'swap_down', 'swap_down', 'up', 'up', 'up', 'down', 'up', 'down', 'up', 'down', 'up', 'down', 'up', 'down', 'up', 'down', 'up', 'down', 'up']",1.6981542149420692,1.4458103447102924,0.851401087126598
55,41230,7.873980389690602,32.473707030040266,8.087291686349971,0.0,"['swap_down', 'swap_down', 'swap_down', 'swap_down', 'up', 'up', 'up', 'up', 'down', 'up', 'down', 'up', 'down', 'up', 'down', 'up', 'down', 'up', 'down', 'up']","['swap_down', 'up', 'down', 'up', 'down', 'up', 'down', 'up', 'down', 'up', 'down', 'up', 'down', 'up', 'down', 'up', 'down', 'up', 'down', 'up']",1.0270906563265838,4.124179312480645,4.0153995044905555
56,01324,24.308746225578552,18.368839177009523,33.3824456400624,0.0,"['down', 'up', 'down', 'up', 'down', 'up', 'down', 'up', 'down', 'up', 'down', 'up', 'down', 'up', 'down', 'up', 'down', 'up', 'down', 'up']","['swap_down', 'swap_down', 'up', 'up', 'down', 'up', 'down', 'up', 'down', 'up', 'down', 'up', 'down', 'up', 'down', 'up', 'down', 'up', 'down', 'up']",1.3732689185317246,0.7556473298355947,0.5502544473543607
57,32140,28.40437750568859,32.918447592512656,33.153408372328315,0.0,"['swap_down', 'swap_up', 'swap_down', 'swap_up', 'swap_down', 'swap_up', 'swap_down', 'swap_up', 'swap_down', 'swap_up', 'swap_down', 'swap_up', 'swap_down', 'swap_up', 'swap_down', 'swap_up', 'swap_down', 'swap_up', 'swap_down', 'swap_up']","['down', 'up', 'down', 'up', 'down', 'up', 'down', 'up', 'down', 'up', 'down', 'up', 'down', 'up', 'down', 'up', 'down', 'up', 'down', 'up']",1.1671936259011002,1.1589216340305302,0.9929129223403839
58,03214,28.468384329269952,29.21699394665534,33.763767357617226,0.0,"['swap_down', 'up', 'down', 'up', 'down', 'up', 'down', 'up', 'down', 'up', 'down', 'up', 'down', 'up', 'down', 'up', 'down', 'up', 'down', 'up']","['down', 'up', 'down', 'up', 'down', 'up', 'down', 'up', 'down', 'up', 'down', 'up', 'down', 'up', 'down', 'up', 'down', 'up', 'down', 'up']",1.186009257395854,1.0262961750384865,0.86533572030622
59,34120,25.787139335140886,32.61689205477747,33.84277242102715,0.0,"['swap_down', 'swap_down', 'up', 'up', 'swap_down', 'swap_up', 'swap_down', 'swap_up', 'swap_down', 'swap_up', 'swap_down', 'swap_up', 'swap_down', 'swap_up', 'swap_down', 'swap_up', 'swap_down', 'swap_up', 'swap_down', 'swap_up']","['swap_down', 'swap_down', 'swap_down', 'up', 'up', 'up', 'down', 'up', 'down', 'up', 'down', 'up', 'down', 'up', 'down', 'up', 'down', 'up', 'down', 'up']",1.3123895590430465,1.2648511194232965,0.9637771884939305
60,31240,25.713469472832383,28.703534644995724,33.5786085981907,0.0,"['swap_down', 'swap_down', 'up', 'up', 'swap_down', 'swap_up', 'swap_down', 'swap_up', 'swap_down', 'swap_up', 'swap_down', 'swap_up', 'swap_down', 'swap_up', 'swap_down', 'swap_up', 'swap_down', 'swap_up', 'swap_down', 'swap_up']","['swap_down', 'swap_down', 'swap_down', 'up', 'up', 'up', 'down', 'up', 'down', 'up', 'down', 'up', 'down', 'up', 'down', 'up', 'down', 'up', 'down', 'up']",1.3058762308862382,1.116284003421728,0.8548160821214713
61,31042,24.89215959738634,30.91844873467643,32.844980422866094,0.0,"['down', 'up', 'down', 'up', 'down', 'up', 'down', 'up', 'down', 'up', 'down', 'up', 'down', 'up', 'down', 'up', 'down', 'up', 'down', 'up']","['swap_down', 'up', 'down', 'up', 'down', 'up', 'down', 'up', 'down', 'up', 'down', 'up', 'down', 'up', 'down', 'up', 'down', 'up', 'down', 'up']",1.3194909945184023,1.2420958741531951,0.9413447149796915
62,40312,20.98358556169798,31.7305594432046,32.71892161757364,0.0,"['swap_down', 'swap_down', 'up', 'up', 'swap_down', 'swap_up', 'swap_down', 'swap_up', 'swap_down', 'swap_up', 'swap_down', 'swap_up', 'swap_down', 'swap_up', 'swap_down', 'swap_up', 'swap_down', 'swap_up', 'swap_down', 'swap_up']","['swap_down', 'swap_down', 'swap_down', 'up', 'up', 'swap_up', 'down', 'up', 'down', 'up', 'down', 'up', 'down', 'up', 'down', 'up', 'down', 'up', 'down', 'up']",1.5592626684972541,1.5121609864961985,0.9697923364980898
63,43120,5.81697145535791,32.52533054166182,7.790066064035868,0.0,"['swap_down', 'swap_down', 'swap_down', 'swap_down', 'up', 'up', 'up', 'up', 'down', 'up', 'down', 'up', 'down', 'up', 'down', 'up', 'down', 'up', 'down', 'up']","['down', 'up', 'down', 'up', 'down', 'up', 'down', 'up', 'down', 'up', 'down', 'up', 'down', 'up', 'down', 'up', 'down', 'up', 'down', 'up']",1.339196199228479,5.591454383312009,4.175231669962391
64,04321,8.10466902536535,7.730310240536402,7.482399617522602,0.0,"['swap_down', 'up', 'down', 'up', 'down', 'up', 'down', 'up', 'down', 'up', 'down', 'up', 'down', 'up', 'down', 'up', 'down', 'up', 'down', 'up']","['down', 'up', 'down', 'up', 'down', 'up', 'down', 'up', 'down', 'up', 'down', 'up', 'down', 'up', 'down', 'up', 'down', 'up', 'down', 'up']",0.9232208735612498,0.9538094913367455,1.0331325023637112
65,42103,24.6561324303988,33.49547995527871,33.3689009109352,0.0,"['swap_down', 'swap_up', 'swap_down', 'swap_up', 'swap_down', 'swap_up', 'swap_down', 'swap_up', 'swap_down', 'swap_up', 'swap_down', 'swap_up', 'swap_down', 'swap_up', 'swap_down', 'swap_up', 'swap_down', 'swap_up', 'swap_down', 'swap_up']","['swap_down', 'up', 'down', 'up', 'down', 'up', 'down', 'up', 'down', 'up', 'down', 'up', 'down', 'up', 'down', 'up', 'down', 'up', 'down', 'up']",1.3533712558176538,1.3585050311451843,1.0037933237501997
66,13204,23.03259144550062,30.7917923870352,33.58748208236905,0.0,"['swap_down', 'swap_down', 'up', 'up', 'swap_down', 'swap_up', 'swap_down', 'swap_up', 'swap_down', 'swap_up', 'swap_down', 'swap_up', 'swap_down', 'swap_up', 'swap_down', 'swap_up', 'swap_down', 'swap_up', 'swap_down', 'swap_up']","['swap_down', 'swap_down', 'swap_down', 'up', 'up', 'up', 'down', 'up', 'down', 'up', 'down', 'up', 'down', 'up', 'down', 'up', 'down', 'up', 'down', 'up']",1.4582589267839554,1.3368791983261756,0.9167639393605697
67,32104,16.221719439513308,25.902277555456745,30.55402658896376,0.0,"['down', 'down', 'swap_up', 'up', 'down', 'up', 'down', 'up', 'down', 'up', 'down', 'up', 'down', 'up', 'down', 'up', 'down', 'up', 'down', 'up']","['swap_down', 'swap_down', 'up', 'up', 'down', 'up', 'down', 'up', 'down', 'up', 'down', 'up', 'down', 'up', 'down', 'up', 'down', 'up', 'down', 'up']",1.8835257694409033,1.5967652289906624,0.847753322464305
68,02134,29.035166417455834,33.514750535366126,33.11806833166202,0.0,"['swap_down', 'swap_up', 'swap_down', 'swap_up', 'swap_down', 'swap_up', 'swap_down', 'swap_up', 'swap_down', 'swap_up', 'swap_down', 'swap_up', 'swap_down', 'swap_up', 'swap_down', 'swap_up', 'swap_down', 'swap_up', 'swap_down', 'swap_up']","['down', 'up', 'down', 'up', 'down', 'up', 'down', 'up', 'down', 'up', 'down', 'up', 'down', 'up', 'down', 'up', 'down', 'up', 'down', 'up']",1.140619201402323,1.1542813309042095,1.0119778182631762
69,20143,4.340586091882533,4.602338090420501,7.635280668156962,0.0,"['swap_down', 'swap_up', 'swap_down', 'swap_up', 'swap_down', 'swap_up', 'swap_down', 'swap_up', 'swap_down', 'swap_up', 'swap_down', 'swap_up', 'swap_down', 'swap_up', 'swap_down', 'swap_up', 'swap_down', 'swap_up', 'swap_down', 'swap_up']","['swap_down', 'swap_down', 'swap_down', 'swap_down', 'up', 'up', 'swap_up', 'swap_up', 'swap_down', 'up', 'down', 'up', 'down', 'up', 'down', 'up', 'down', 'up', 'down', 'up']",1.7590437112711441,1.0603033767784213,0.6027726144520937
70,14230,23.170006021334306,31.161248142644876,33.20248565208787,0.0,"['swap_down', 'swap_down', 'up', 'up', 'swap_down', 'swap_up', 'swap_down', 'swap_up', 'swap_down', 'swap_up', 'swap_down', 'swap_up', 'swap_down', 'swap_up', 'swap_down', 'swap_up', 'swap_down', 'swap_up', 'swap_down', 'swap_up']","['swap_down', 'swap_down', 'up', 'swap_up', 'down', 'up', 'down', 'up', 'down', 'up', 'down', 'up', 'down', 'up', 'down', 'up', 'down', 'up', 'down', 'up']",1.4329942608351476,1.3448959881129272,0.9385215453194651
71,02341,33.41542383683875,33.51635741797319,33.45460346326562,0.0,"['swap_down', 'swap_up', 'swap_down', 'swap_up', 'swap_down', 'swap_up', 'swap_down', 'swap_up', 'swap_down', 'swap_up', 'swap_down', 'swap_up', 'swap_down', 'swap_up', 'swap_down', 'swap_up', 'swap_down', 'swap_up', 'swap_down', 'swap_up']","['swap_down', 'up', 'down', 'up', 'down', 'up', 'down', 'up', 'down', 'up', 'down', 'up', 'down', 'up', 'down', 'up', 'down', 'up', 'down', 'up']",1.0011725012562516,1.003020568634032,1.0018459030541307
72,30241,26.15506070602321,26.58054703541281,29.06595150481972,0.0,"['down', 'up', 'down', 'up', 'down', 'up', 'down', 'up', 'down', 'up', 'down', 'up', 'down', 'up', 'down', 'up', 'down', 'up', 'down', 'up']","['swap_down', 'up', 'down', 'up', 'down', 'up', 'down', 'up', 'down', 'up', 'down', 'up', 'down', 'up', 'down', 'up', 'down', 'up', 'down', 'up']",1.1112935974997054,1.0162678394889604,0.9144908616187989
73,12430,24.560409896062072,29.02994144599327,33.131148447435564,0.0,"['swap_down', 'swap_down', 'up', 'swap_up', 'down', 'swap_up', 'down', 'swap_up', 'down', 'swap_up', 'down', 'swap_up', 'down', 'swap_up', 'down', 'swap_up', 'down', 'swap_up', 'down', 'swap_up']","['swap_down', 'swap_down', 'up', 'swap_up', 'down', 'up', 'down', 'up', 'down', 'up', 'down', 'up', 'down', 'up', 'down', 'up', 'down', 'up', 'down', 'up']",1.3489656152989407,1.1819811464403869,0.8762129538627648
74,24310,25.73682111321785,29.347009886580697,33.86107792165854,0.0,"['swap_down', 'swap_down', 'up', 'up', 'swap_down', 'swap_up', 'swap_down', 'swap_up', 'swap_down', 'swap_up', 'swap_down', 'swap_up', 'swap_down', 'swap_up', 'swap_down', 'swap_up', 'swap_down', 'swap_up', 'swap_down', 'swap_up']","['swap_down', 'swap_down', 'swap_down', 'up', 'up', 'up', 'down', 'up', 'down', 'up', 'down', 'up', 'down', 'up', 'down', 'up', 'down', 'up', 'down', 'up']",1.3156666774308137,1.1402732978358674,0.8666885902001804
75,04123,7.3953659770820215,28.705106182032207,7.718204736580608,0.0,"['down', 'swap_down', 'swap_down', 'swap_down', 'up', 'up', 'swap_up', 'swap_down', 'swap_up', 'swap_down', 'swap_up', 'swap_down', 'swap_up', 'swap_down', 'swap_up', 'swap_down', 'swap_up', 'swap_down', 'swap_up', 'swap_down']","['swap_down', 'up', 'down', 'up', 'down', 'up', 'down', 'up', 'down', 'up', 'down', 'up', 'down', 'up', 'down', 'up', 'down', 'up', 'down', 'up']",1.0436541964926487,3.88149907266095,3.7191428786520393
76,10423,20.943455769269182,33.02393550012598,33.186985694391694,0.0,"['swap_down', 'swap_down', 'up', 'swap_up', 'down', 'swap_up', 'down', 'swap_up', 'down', 'swap_up', 'down', 'swap_up', 'down', 'swap_up', 'down', 'swap_up', 'down', 'swap_up', 'down', 'swap_up']","['swap_down', 'swap_down', 'up', 'swap_up', 'down', 'up', 'down', 'up', 'down', 'up', 'down', 'up', 'down', 'up', 'down', 'up', 'down', 'up', 'down', 'up']",1.5845993163691605,1.576814058956916,0.9950869236583524
77,24130,33.541820275576384,33.050478306778245,33.32833259169792,0.0,"['down', 'swap_up', 'down', 'swap_up', 'down', 'swap_up', 'down', 'swap_up', 'down', 'swap_up', 'down', 'swap_up', 'down', 'swap_up', 'down', 'swap_up', 'down', 'swap_up', 'down', 'swap_up']","['down', 'up', 'down', 'up', 'down', 'up', 'down', 'up', 'down', 'up', 'down', 'up', 'down', 'up', 'down', 'up', 'down', 'up', 'down', 'up']",0.9936351789460302,0.9853513624257324,0.9916631207350322
78,04213,24.34868222454429,29.614516698439594,33.04631190810104,0.0,"['swap_down', 'swap_down', 'up', 'up', 'swap_down', 'swap_up', 'swap_down', 'swap_up', 'swap_down', 'swap_up', 'swap_down', 'swap_up', 'swap_down', 'swap_up', 'swap_down', 'swap_up', 'swap_down', 'swap_up', 'swap_down', 'swap_up']","['swap_down', 'swap_down', 'swap_down', 'up', 'up', 'swap_up', 'down', 'up', 'down', 'up', 'down', 'up', 'down', 'up', 'down', 'up', 'down', 'up', 'down', 'up']",1.3572115157340732,1.2162677398856174,0.8961519452093483
79,21340,33.52493006154584,33.03017703017703,33.28073126606785,0.0,"['down', 'swap_up', 'down', 'swap_up', 'down', 'swap_up', 'down', 'swap_up', 'down', 'swap_up', 'down', 'swap_up', 'down', 'swap_up', 'down', 'swap_up', 'down', 'swap_up', 'down', 'swap_up']","['down', 'up', 'down', 'up', 'down', 'up', 'down', 'up', 'down', 'up', 'down', 'up', 'down', 'up', 'down', 'up', 'down', 'up', 'down', 'up']",0.9927159044021963,0.9852422352422352,0.9924714924714926
80,03142,29.30804759941584,26.920905514085273,33.530290191062434,0.0,"['swap_down', 'up', 'down', 'up', 'down', 'up', 'down', 'up', 'down', 'up', 'down', 'up', 'down', 'up', 'down', 'up', 'down', 'up', 'down', 'up']","['down', 'up', 'down', 'up', 'down', 'up', 'down', 'up', 'down', 'up', 'down', 'up', 'down', 'up', 'down', 'up', 'down', 'up', 'down', 'up']",1.1440642737229194,0.9185499451223034,0.8028831650631254
81,01342,21.116697293895534,30.806040307891177,33.56759049547423,0.0,"['swap_down', 'swap_down', 'up', 'up', 'swap_down', 'swap_up', 'swap_down', 'swap_up', 'swap_down', 'swap_up', 'swap_down', 'swap_up', 'swap_down', 'swap_up', 'swap_down', 'swap_up', 'swap_down', 'swap_up', 'swap_down', 'swap_up']","['swap_down', 'swap_down', 'swap_down', 'up', 'up', 'up', 'down', 'up', 'down', 'up', 'down', 'up', 'down', 'up', 'down', 'up', 'down', 'up', 'down', 'up']",1.589623132267849,1.4588474645983898,0.9177316528585697
82,12304,25.79554484064995,33.00912131586196,33.14843002900474,0.0,"['swap_down', 'swap_down', 'up', 'swap_up', 'down', 'swap_up', 'down', 'swap_up', 'down', 'swap_up', 'down', 'swap_up', 'down', 'swap_up', 'down', 'swap_up', 'down', 'swap_up', 'down', 'swap_up']","['swap_down', 'swap_down', 'up', 'swap_up', 'down', 'up', 'down', 'up', 'down', 'up', 'down', 'up', 'down', 'up', 'down', 'up', 'down', 'up', 'down', 'up']",1.2850447716369897,1.2796442765513711,0.9957974265139892
83,43201,6.115973432293907,26.743077207546687,7.420119201572372,0.0,"['swap_down', 'swap_down', 'swap_down', 'swap_down', 'up', 'up', 'up', 'up', 'down', 'up', 'down', 'up', 'down', 'up', 'down', 'up', 'down', 'up', 'down', 'up']","['down', 'up', 'down', 'up', 'down', 'up', 'down', 'up', 'down', 'up', 'down', 'up', 'down', 'up', 'down', 'up', 'down', 'up', 'down', 'up']",1.2132360095601857,4.372660787951823,3.6041304029023755
84,43210,0.7814913627614122,29.249389810178663,0.8020017614460532,0.0,"['swap_down', 'swap_down', 'swap_down', 'swap_down', 'up', 'up', 'swap_up', 'up', 'down', 'up', 'down', 'up', 'down', 'up', 'down', 'up', 'down', 'up', 'down', 'up']","['down', 'up', 'down', 'up', 'down', 'up', 'down', 'up', 'down', 'up', 'down', 'up', 'down', 'up', 'down', 'up', 'down', 'up', 'down', 'up']",1.026245202009869,37.427655894782355,36.470480759843234
85,14023,21.229780277070564,27.211002984299984,33.187773478608335,0.0,"['swap_down', 'swap_down', 'up', 'up', 'swap_down', 'swap_up', 'swap_down', 'swap_up', 'swap_down', 'swap_up', 'swap_down', 'swap_up', 'swap_down', 'swap_up', 'swap_down', 'swap_up', 'swap_down', 'swap_up', 'swap_down', 'swap_up']","['swap_down', 'swap_down', 'up', 'up', 'down', 'up', 'down', 'up', 'down', 'up', 'down', 'up', 'down', 'up', 'down', 'up', 'down', 'up', 'down', 'up']",1.563265047752431,1.2817373816011417,0.8199104710003892
86,03421,30.17376353368584,30.930076840257804,33.81139862958484,0.0,"['swap_down', 'up', 'down', 'up', 'down', 'up', 'down', 'up', 'down', 'up', 'down', 'up', 'down', 'up', 'down', 'up', 'down', 'up', 'down', 'up']","['down', 'up', 'down', 'up', 'down', 'up', 'down', 'up', 'down', 'up', 'down', 'up', 'down', 'up', 'down', 'up', 'down', 'up', 'down', 'up']",1.1205562273276903,1.025065262599,0.9147825317463829
87,23140,25.796020787847105,29.251225686768162,31.328129784961494,0.0,"['swap_down', 'swap_down', 'up', 'up', 'swap_down', 'swap_up', 'swap_down', 'swap_up', 'swap_down', 'swap_up', 'swap_down', 'swap_up', 'swap_down', 'swap_up', 'swap_down', 'swap_up', 'swap_down', 'swap_up', 'swap_down', 'swap_up']","['swap_down', 'swap_down', 'up', 'up', 'down', 'up', 'down', 'up', 'down', 'up', 'down', 'up', 'down', 'up', 'down', 'up', 'down', 'up', 'down', 'up']",1.2144559055294546,1.1339433289861844,0.933704816966434
88,04231,8.108178537115329,33.9106292496382,7.743854660930894,0.0,"['down', 'swap_down', 'swap_down', 'swap_down', 'up', 'up', 'swap_up', 'swap_down', 'swap_up', 'swap_down', 'swap_up', 'swap_down', 'swap_up', 'swap_down', 'swap_up', 'swap_down', 'swap_up', 'swap_down', 'swap_up', 'swap_down']","['down', 'up', 'down', 'up', 'down', 'up', 'down', 'up', 'down', 'up', 'down', 'up', 'down', 'up', 'down', 'up', 'down', 'up', 'down', 'up']",0.9550671122352898,4.182274612530016,4.379037408943542
89,03124,25.850712784512883,32.92077296202691,33.105521133430685,0.0,"['swap_down', 'swap_down', 'up', 'up', 'swap_down', 'swap_up', 'swap_down', 'swap_up', 'swap_down', 'swap_up', 'swap_down', 'swap_up', 'swap_down', 'swap_up', 'swap_down', 'swap_up', 'swap_down', 'swap_up', 'swap_down', 'swap_up']","['swap_down', 'swap_down', 'swap_down', 'up', 'up', 'swap_up', 'down', 'up', 'down', 'up', 'down', 'up', 'down', 'up', 'down', 'up', 'down', 'up', 'down', 'up']",1.2806424878645568,1.2734957537321636,0.99441941509819
90,10234,24.42624611997927,28.50960107124165,33.13350396562076,0.0,"['swap_down', 'swap_down', 'up', 'swap_up', 'down', 'swap_up', 'down', 'swap_up', 'down', 'swap_up', 'down', 'swap_up', 'down', 'swap_up', 'down', 'swap_up', 'down', 'swap_up', 'down', 'swap_up']","['swap_down', 'swap_down', 'swap_down', 'up', 'up', 'up', 'down', 'up', 'down', 'up', 'down', 'up', 'down', 'up', 'down', 'up', 'down', 'up', 'down', 'up']",1.3564713874932854,1.1671707937112132,0.8604463053718417
91,12034,23.09257281286131,31.6869310326592,33.565710078586406,0.0,"['swap_down', 'swap_down', 'up', 'up', 'swap_down', 'swap_up', 'swap_down', 'swap_up', 'swap_down', 'swap_up', 'swap_down', 'swap_up', 'swap_down', 'swap_up', 'swap_down', 'swap_up', 'swap_down', 'swap_up', 'swap_down', 'swap_up']","['swap_down', 'swap_down', 'swap_down', 'up', 'up', 'up', 'down', 'up', 'down', 'up', 'down', 'up', 'down', 'up', 'down', 'up', 'down', 'up', 'down', 'up']",1.4535283855375407,1.3721698006300667,0.9440268344829149
92,20341,24.448884899215408,29.35995184028896,33.23721601039677,0.0,"['swap_down', 'swap_down', 'up', 'up', 'swap_down', 'swap_up', 'swap_down', 'swap_up', 'swap_down', 'swap_up', 'swap_down', 'swap_up', 'swap_down', 'swap_up', 'swap_down', 'swap_up', 'swap_down', 'swap_up', 'swap_down', 'swap_up']","['swap_down', 'swap_down', 'up', 'swap_up', 'down', 'up', 'down', 'up', 'down', 'up', 'down', 'up', 'down', 'up', 'down', 'up', 'down', 'up', 'down', 'up']",1.3594573391551037,1.2008707947752315,0.8833456999258006
93,41032,24.547760486471617,30.261933621933622,33.76621369227797,0.0,"['swap_down', 'swap_down', 'up', 'up', 'swap_down', 'swap_up', 'swap_down', 'swap_up', 'swap_down', 'swap_up', 'swap_down', 'swap_up', 'swap_down', 'swap_up', 'swap_down', 'swap_up', 'swap_down', 'swap_up', 'swap_down', 'swap_up']","['swap_down', 'swap_down', 'swap_down', 'up', 'up', 'up', 'down', 'up', 'down', 'up', 'down', 'up', 'down', 'up', 'down', 'up', 'down', 'up', 'down', 'up']",1.3755313325175502,1.2327777777777778,0.8962193362193361
94,04312,6.95367536614399,31.30124330213884,7.7329611554721405,0.0,"['down', 'swap_down', 'swap_down', 'swap_down', 'up', 'up', 'swap_up', 'swap_down', 'swap_up', 'swap_down', 'swap_up', 'swap_down', 'swap_up', 'swap_down', 'swap_up', 'swap_down', 'swap_up', 'swap_down', 'swap_up', 'swap_down']","['swap_down', 'up', 'down', 'up', 'down', 'up', 'down', 'up', 'down', 'up', 'down', 'up', 'down', 'up', 'down', 'up', 'down', 'up', 'down', 'up']",1.1120681867206992,4.501395543217064,4.047769369692085
95,40213,6.532145983036964,29.059104734059876,7.078719307098628,0.0,"['swap_down', 'swap_down', 'swap_down', 'swap_down', 'up', 'up', 'up', 'up', 'down', 'up', 'down', 'up', 'down', 'up', 'down', 'up', 'down', 'up', 'down', 'up']","['swap_down', 'up', 'down', 'up', 'down', 'up', 'down', 'up', 'down', 'up', 'down', 'up', 'down', 'up', 'down', 'up', 'down', 'up', 'down', 'up']",1.0836743890110594,4.448630635249451,4.105135897240486
0,40123,18.598533154781435,19.329569701689945,16.494500265450185,0.0,"['swap_down', 'swap_down', 'up', 'up', 'swap_down', 'swap_up', 'swap_down', 'swap_up', 'swap_down', 'swap_up', 'swap_down', 'swap_up', 'swap_down', 'swap_up', 'swap_down', 'swap_up', 'swap_down', 'swap_up', 'swap_down', 'swap_up']","['swap_down', 'up', 'swap_down', 'up', 'swap_down', 'up', 'swap_down', 'up', 'swap_down', 'up', 'swap_down', 'up', 'swap_down', 'up', 'swap_down', 'up', 'swap_down', 'up', 'swap_down', 'up']",0.8868710305366028,1.0393061399425776,1.1718796805368012
1,42031,6.755287554035163,25.191317613424786,7.868692042015845,0.0,"['swap_down', 'swap_down', 'swap_down', 'swap_down', 'up', 'up', 'up', 'up', 'down', 'up', 'down', 'up', 'down', 'up', 'down', 'up', 'down', 'up', 'down', 'up']","['down', 'up', 'down', 'up', 'down', 'up', 'down', 'up', 'down', 'up', 'down', 'up', 'down', 'up', 'down', 'up', 'down', 'up', 'down', 'up']",1.16481970294745,3.7291258753858902,3.201461879421975
2,34102,19.63147548349653,18.55591144773399,21.38445380293467,0.0,"['down', 'up', 'down', 'up', 'down', 'up', 'down', 'up', 'down', 'up', 'down', 'up', 'down', 'up', 'down', 'up', 'down', 'up', 'down', 'up']","['swap_down', 'up', 'down', 'up', 'down', 'up', 'down', 'up', 'down', 'up', 'down', 'up', 'down', 'up', 'down', 'up', 'down', 'up', 'down', 'up']",1.0892942724000447,0.9452122670725016,0.8677290343131183
3,43021,18.744822531484907,19.749053583199924,20.278600230136245,0.0,"['swap_down', 'swap_down', 'up', 'up', 'swap_down', 'swap_up', 'swap_down', 'swap_up', 'swap_down', 'swap_up', 'swap_down', 'swap_up', 'swap_down', 'swap_up', 'swap_down', 'swap_up', 'swap_down', 'swap_up', 'swap_down', 'swap_up']","['swap_down', 'up', 'swap_down', 'up', 'swap_down', 'up', 'swap_down', 'up', 'swap_down', 'up', 'swap_down', 'up', 'swap_down', 'up', 'swap_down', 'up', 'swap_down', 'up', 'swap_down', 'up']",1.0818240714776102,1.0535737828420755,0.9738864299839909
4,21043,4.807087476003553,4.214139956776547,4.5483177649143425,0.0,"['swap_down', 'swap_up', 'swap_down', 'swap_up', 'swap_down', 'swap_up', 'swap_down', 'swap_up', 'swap_down', 'swap_up', 'swap_down', 'swap_up', 'swap_down', 'swap_up', 'swap_down', 'swap_up', 'swap_down', 'swap_up', 'swap_down', 'swap_up']","['down', 'up', 'down', 'up', 'down', 'up', 'down', 'up', 'down', 'up', 'down', 'up', 'down', 'up', 'down', 'up', 'down', 'up', 'down', 'up']",0.9461691279010502,0.8766513981310026,0.9265271633579258
5,23014,16.727568576465053,16.091215308948893,31.53351226590282,0.0,"['down', 'swap_up', 'down', 'swap_up', 'down', 'swap_up', 'down', 'swap_up', 'down', 'swap_up', 'down', 'swap_up', 'down', 'swap_up', 'down', 'swap_up', 'down', 'swap_up', 'down', 'swap_up']","['swap_down', 'swap_down', 'swap_down', 'up', 'up', 'up', 'down', 'up', 'down', 'up', 'down', 'up', 'down', 'up', 'down', 'up', 'down', 'up', 'down', 'up']",1.8851222831194412,0.961957814454189,0.5102893446585182
6,32401,30.358528941292278,28.65020458069496,28.73736065719787,0.0,"['down', 'up', 'down', 'up', 'down', 'up', 'down', 'up', 'down', 'up', 'down', 'up', 'down', 'up', 'down', 'up', 'down', 'up', 'down', 'up']","['swap_down', 'up', 'down', 'up', 'down', 'up', 'down', 'up', 'down', 'up', 'down', 'up', 'down', 'up', 'down', 'up', 'down', 'up', 'down', 'up']",0.9465992477030278,0.9437283550892437,0.9969671509662082
7,01243,4.069082068426251,4.306899267551602,4.304817268927917,0.0,"['swap_down', 'swap_up', 'swap_down', 'swap_up', 'swap_down', 'swap_up', 'swap_down', 'swap_up', 'swap_down', 'swap_up', 'swap_down', 'swap_up', 'swap_down', 'swap_up', 'swap_down', 'swap_up', 'swap_down', 'swap_up', 'swap_down', 'swap_up']","['swap_down', 'up', 'swap_down', 'up', 'swap_down', 'up', 'swap_down', 'up', 'swap_down', 'up', 'swap_down', 'up', 'swap_down', 'up', 'swap_down', 'up', 'swap_down', 'up', 'swap_down', 'up']",1.057933262720562,1.0584449256923756,1.0004836439025444
8,30421,24.980964860035737,31.45452772882373,32.88824765549039,0.0,"['swap_down', 'swap_down', 'up', 'up', 'swap_down', 'swap_up', 'swap_down', 'swap_up', 'swap_down', 'swap_up', 'swap_down', 'swap_up', 'swap_down', 'swap_up', 'swap_down', 'swap_up', 'swap_down', 'swap_up', 'swap_down', 'swap_up']","['swap_down', 'swap_down', 'swap_down', 'up', 'up', 'up', 'down', 'up', 'down', 'up', 'down', 'up', 'down', 'up', 'down', 'up', 'down', 'up', 'down', 'up']",1.3165323212997522,1.2591398252652892,0.9564063144474859
9,23104,27.443167840037688,27.104442118051512,31.38298079297264,0.0,"['down', 'swap_up', 'down', 'swap_up', 'down', 'swap_up', 'down', 'swap_up', 'down', 'swap_up', 'down', 'swap_up', 'down', 'swap_up', 'down', 'swap_up', 'down', 'swap_up', 'down', 'swap_up']","['down', 'up', 'down', 'up', 'down', 'up', 'down', 'up', 'down', 'up', 'down', 'up', 'down', 'up', 'down', 'up', 'down', 'up', 'down', 'up']",1.1435626155077854,0.9876571930776884,0.8636669122303644
10,14203,22.799591224369983,31.628628092692157,26.732679830208163,0.0,"['swap_down', 'swap_down', 'up', 'swap_up', 'down', 'swap_up', 'down', 'swap_up', 'down', 'swap_up', 'down', 'swap_up', 'down', 'swap_up', 'down', 'swap_up', 'down', 'swap_up', 'down', 'swap_up']","['swap_down', 'swap_down', 'up', 'up', 'down', 'up', 'down', 'up', 'down', 'up', 'down', 'up', 'down', 'up', 'down', 'up', 'down', 'up', 'down', 'up']",1.1725069790564573,1.3872454019651461,1.183144686338237
11,02314,21.796291677059948,26.64352731176512,31.457122714386426,0.0,"['swap_down', 'swap_down', 'up', 'up', 'swap_down', 'swap_up', 'swap_down', 'swap_up', 'swap_down', 'swap_up', 'swap_down', 'swap_up', 'swap_down', 'swap_up', 'swap_down', 'swap_up', 'swap_down', 'swap_up', 'swap_down', 'swap_up']","['swap_down', 'swap_down', 'up', 'up', 'down', 'up', 'down', 'up', 'down', 'up', 'down', 'up', 'down', 'up', 'down', 'up', 'down', 'up', 'down', 'up']",1.4432327838360808,1.2223880881446805,0.8469791580645778
12,23041,31.634591887529606,31.691958956069694,31.310589886382303,0.0,"['down', 'swap_up', 'down', 'swap_up', 'down', 'swap_up', 'down', 'swap_up', 'down', 'swap_up', 'down', 'swap_up', 'down', 'swap_up', 'down', 'swap_up', 'down', 'swap_up', 'down', 'swap_up']","['down', 'up', 'down', 'up', 'down', 'up', 'down', 'up', 'down', 'up', 'down', 'up', 'down', 'up', 'down', 'up', 'down', 'up', 'down', 'up']",0.989757983845683,1.0018134284375801,1.0121801943390807
13,04132,17.884784963201117,21.517637643389218,31.34850070256211,0.0,"['swap_down', 'swap_down', 'up', 'up', 'swap_down', 'swap_up', 'swap_down', 'swap_up', 'swap_down', 'swap_up', 'swap_down', 'swap_up', 'swap_down', 'swap_up', 'swap_down', 'swap_up', 'swap_down', 'swap_up', 'swap_down', 'swap_up']","['swap_down', 'swap_down', 'up', 'swap_up', 'down', 'up', 'down', 'up', 'down', 'up', 'down', 'up', 'down', 'up', 'down', 'up', 'down', 'up', 'down', 'up']",1.7528027743729262,1.2031253206377872,0.6864008536660442
14,30142,19.940875832592457,22.247408900440245,25.53127872365033,0.0,"['swap_down', 'swap_down', 'up', 'up', 'swap_down', 'swap_up', 'swap_down', 'swap_up', 'swap_down', 'swap_up', 'swap_down', 'swap_up', 'swap_down', 'swap_up', 'swap_down', 'swap_up', 'swap_down', 'swap_up', 'swap_down', 'swap_up']","['swap_down', 'swap_down', 'up', 'up', 'down', 'up', 'down', 'up', 'down', 'up', 'down', 'up', 'down', 'up', 'down', 'up', 'down', 'up', 'down', 'up']",1.2803489143601514,1.1156685938577413,0.8713785604413089
15,12403,20.515260604163405,22.21841759545705,31.4269529903643,0.0,"['swap_down', 'swap_down', 'up', 'up', 'swap_down', 'swap_up', 'swap_down', 'swap_up', 'swap_down', 'swap_up', 'swap_down', 'swap_up', 'swap_down', 'swap_up', 'swap_down', 'swap_up', 'swap_down', 'swap_up', 'swap_down', 'swap_up']","['swap_down', 'swap_down', 'up', 'up', 'down', 'up', 'down', 'up', 'down', 'up', 'down', 'up', 'down', 'up', 'down', 'up', 'down', 'up', 'down', 'up']",1.531881734126568,1.0830190278425225,0.7069860575496886
16,31420,23.78707741865965,19.68519118219919,23.712307005195527,0.0,"['down', 'up', 'down', 'up', 'down', 'up', 'down', 'up', 'down', 'up', 'down', 'up', 'down', 'up', 'down', 'up', 'down', 'up', 'down', 'up']","['down', 'up', 'down', 'up', 'down', 'up', 'down', 'up', 'down', 'up', 'down', 'up', 'down', 'up', 'down', 'up', 'down', 'up', 'down', 'up']",0.9968566792738703,0.8275582088431446,0.8301676921560619
17,03412,2.882863464312888,29.47694513356431,2.767087373324546,0.0,"['down', 'down', 'swap_down', 'swap_down', 'up', 'up', 'up', 'up', 'swap_down', 'down', 'swap_up', 'down', 'swap_up', 'down', 'swap_up', 'down', 'swap_up', 'down', 'swap_up', 'down']","['swap_down', 'up', 'down', 'up', 'down', 'up', 'down', 'up', 'down', 'up', 'down', 'up', 'down', 'up', 'down', 'up', 'down', 'up', 'down', 'up']",0.959839897927342,10.224884216148595,10.65269764075029
18,20134,25.13064110245656,25.663438064062163,31.43731730351227,0.0,"['swap_down', 'swap_down', 'up', 'up', 'swap_down', 'swap_up', 'swap_down', 'swap_up', 'swap_down', 'swap_up', 'swap_down', 'swap_up', 'swap_down', 'swap_up', 'swap_down', 'swap_up', 'swap_down', 'swap_up', 'swap_down', 'swap_up']","['swap_down', 'swap_down', 'up', 'swap_up', 'down', 'up', 'down', 'up', 'down', 'up', 'down', 'up', 'down', 'up', 'down', 'up', 'down', 'up', 'down', 'up']",1.2509556431665891,1.021201089117998,0.8163367699697126
19,42013,23.136264597020194,31.80201382991629,25.359162253017,0.0,"['swap_down', 'swap_down', 'up', 'up', 'swap_down', 'swap_up', 'swap_down', 'swap_up', 'swap_down', 'swap_up', 'swap_down', 'swap_up', 'swap_down', 'swap_up', 'swap_down', 'swap_up', 'swap_down', 'swap_up', 'swap_down', 'swap_up']","['swap_down', 'swap_down', 'swap_down', 'up', 'up', 'swap_up', 'down', 'up', 'down', 'up', 'down', 'up', 'down', 'up', 'down', 'up', 'down', 'up', 'down', 'up']",1.0960785025030835,1.374552650733956,1.2540640543491448
20,01423,24.95762747163165,31.809249343991265,32.88386424040957,0.0,"['swap_down', 'swap_down', 'up', 'up', 'swap_down', 'swap_up', 'swap_down', 'swap_up', 'swap_down', 'swap_up', 'swap_down', 'swap_up', 'swap_down', 'swap_up', 'swap_down', 'swap_up', 'swap_down', 'swap_up', 'swap_down', 'swap_up']","['swap_down', 'swap_down', 'swap_down', 'up', 'up', 'up', 'down', 'up', 'down', 'up', 'down', 'up', 'down', 'up', 'down', 'up', 'down', 'up', 'down', 'up']",1.3175877505899694,1.2745301764018868,0.9673209058229306
21,14032,23.808276096951808,28.925636021323697,32.39445148135562,0.0,"['swap_down', 'swap_down', 'up', 'swap_up', 'down', 'swap_up', 'down', 'swap_up', 'down', 'swap_up', 'down', 'swap_up', 'down', 'swap_up', 'down', 'swap_up', 'down', 'swap_up', 'down', 'swap_up']","['swap_down', 'swap_down', 'swap_down', 'up', 'up', 'up', 'down', 'up', 'down', 'up', 'down', 'up', 'down', 'up', 'down', 'up', 'down', 'up', 'down', 'up']",1.3606382650066422,1.2149403805438508,0.8929194568388241
22,41203,23.141242937853107,24.3181891973376,23.714318022480043,0.0,"['swap_down', 'swap_down', 'up', 'up', 'swap_down', 'swap_up', 'swap_down', 'swap_up', 'swap_down', 'swap_up', 'swap_down', 'swap_up', 'swap_down', 'swap_up', 'swap_down', 'swap_up', 'swap_down', 'swap_up', 'swap_down', 'swap_up']","['swap_down', 'up', 'swap_down', 'up', 'swap_down', 'up', 'swap_down', 'up', 'swap_down', 'up', 'swap_down', 'up', 'swap_down', 'up', 'swap_down', 'up', 'swap_down', 'up', 'swap_down', 'up']",1.0247642309518965,1.0508592499826062,1.0254644124399914
23,31204,27.075747208056292,30.310482880226623,32.12204573651722,0.0,"['down', 'up', 'down', 'up', 'down', 'up', 'down', 'up', 'down', 'up', 'down', 'up', 'down', 'up', 'down', 'up', 'down', 'up', 'down', 'up']","['swap_down', 'up', 'down', 'up', 'down', 'up', 'down', 'up', 'down', 'up', 'down', 'up', 'down', 'up', 'down', 'up', 'down', 'up', 'down', 'up']",1.1863770735368449,1.1194698579253926,0.9436037520415095
